{
  "calls_count": 1,
  "last_call_ts": 1779537073.365555,
  "last_call_time": "2026-05-23T19:51:13.365554"
}