{
  "calls_count": 1,
  "last_call_ts": 1779507565.060432,
  "last_call_time": "2026-05-23T11:39:25.060432"
}