{
  "calls_count": 1,
  "last_call_ts": 1779532696.4019637,
  "last_call_time": "2026-05-23T18:38:16.401963"
}